/*
Navicat MySQL Data Transfer

Source Server         : local
Source Server Version : 50626
Source Host           : localhost:3306
Source Database       : yii2bbt

Target Server Type    : MYSQL
Target Server Version : 50626
File Encoding         : 65001

Date: 2015-12-21 09:53:16
*/

SET FOREIGN_KEY_CHECKS=0;

-- ----------------------------
-- Table structure for `auth_assignment`
-- ----------------------------
DROP TABLE IF EXISTS `auth_assignment`;
CREATE TABLE `auth_assignment` (
  `item_name` varchar(64) COLLATE utf8_unicode_ci NOT NULL,
  `user_id` varchar(64) COLLATE utf8_unicode_ci NOT NULL,
  `created_at` int(11) DEFAULT NULL,
  PRIMARY KEY (`item_name`,`user_id`),
  CONSTRAINT `auth_assignment_ibfk_1` FOREIGN KEY (`item_name`) REFERENCES `auth_item` (`name`) ON DELETE CASCADE ON UPDATE CASCADE
) ENGINE=InnoDB DEFAULT CHARSET=utf8 COLLATE=utf8_unicode_ci;

-- ----------------------------
-- Records of auth_assignment
-- ----------------------------
INSERT INTO `auth_assignment` VALUES ('admin', '2', '1441903367');
INSERT INTO `auth_assignment` VALUES ('admin', '21', '1441959703');
INSERT INTO `auth_assignment` VALUES ('admin', '22', '1441959843');
INSERT INTO `auth_assignment` VALUES ('admin', '24', '1447777434');
INSERT INTO `auth_assignment` VALUES ('admin', '26', '1448872947');
INSERT INTO `auth_assignment` VALUES ('admin', '27', '1449201303');
INSERT INTO `auth_assignment` VALUES ('admin', '3', '1441694104');
INSERT INTO `auth_assignment` VALUES ('admin', '30', '1449215903');
INSERT INTO `auth_assignment` VALUES ('admin', '35', '1449223670');
INSERT INTO `auth_assignment` VALUES ('admin', '36', '1449223720');
INSERT INTO `auth_assignment` VALUES ('admin', '37', '1449223780');
INSERT INTO `auth_assignment` VALUES ('admin', '38', '1449224291');
INSERT INTO `auth_assignment` VALUES ('admin', '5', '1441955323');
INSERT INTO `auth_assignment` VALUES ('developer', '1', '1441694104');
INSERT INTO `auth_assignment` VALUES ('developer', '23', '1447775089');
INSERT INTO `auth_assignment` VALUES ('developer', '28', '1449201592');
INSERT INTO `auth_assignment` VALUES ('developer', '29', '1449201793');
INSERT INTO `auth_assignment` VALUES ('developer', '31', '1449216212');
INSERT INTO `auth_assignment` VALUES ('operator', '25', '1448505161');
INSERT INTO `auth_assignment` VALUES ('operator', '33', '1449223359');
INSERT INTO `auth_assignment` VALUES ('operator', '34', '1449223400');

-- ----------------------------
-- Table structure for `auth_item`
-- ----------------------------
DROP TABLE IF EXISTS `auth_item`;
CREATE TABLE `auth_item` (
  `name` varchar(64) COLLATE utf8_unicode_ci NOT NULL,
  `type` int(11) NOT NULL,
  `description` text COLLATE utf8_unicode_ci,
  `rule_name` varchar(64) COLLATE utf8_unicode_ci DEFAULT NULL,
  `data` text COLLATE utf8_unicode_ci,
  `created_at` int(11) DEFAULT NULL,
  `updated_at` int(11) DEFAULT NULL,
  PRIMARY KEY (`name`),
  KEY `rule_name` (`rule_name`),
  KEY `idx-auth_item-type` (`type`),
  CONSTRAINT `auth_item_ibfk_1` FOREIGN KEY (`rule_name`) REFERENCES `auth_rule` (`name`) ON DELETE SET NULL ON UPDATE CASCADE
) ENGINE=InnoDB DEFAULT CHARSET=utf8 COLLATE=utf8_unicode_ci;

-- ----------------------------
-- Records of auth_item
-- ----------------------------
INSERT INTO `auth_item` VALUES ('/*', '2', null, null, null, '1441690495', '1441690495');
INSERT INTO `auth_item` VALUES ('/admin/*', '2', null, null, null, '1441693994', '1441693994');
INSERT INTO `auth_item` VALUES ('/admin/assignment/*', '2', null, null, null, '1441693993', '1441693993');
INSERT INTO `auth_item` VALUES ('/admin/assignment/assign', '2', null, null, null, '1441693993', '1441693993');
INSERT INTO `auth_item` VALUES ('/admin/assignment/index', '2', null, null, null, '1441693992', '1441693992');
INSERT INTO `auth_item` VALUES ('/admin/assignment/search', '2', null, null, null, '1441693993', '1441693993');
INSERT INTO `auth_item` VALUES ('/admin/assignment/view', '2', null, null, null, '1441693992', '1441693992');
INSERT INTO `auth_item` VALUES ('/admin/default/*', '2', null, null, null, '1441693993', '1441693993');
INSERT INTO `auth_item` VALUES ('/admin/default/index', '2', null, null, null, '1441693993', '1441693993');
INSERT INTO `auth_item` VALUES ('/admin/menu/*', '2', null, null, null, '1441693993', '1441693993');
INSERT INTO `auth_item` VALUES ('/admin/menu/create', '2', null, null, null, '1441693993', '1441693993');
INSERT INTO `auth_item` VALUES ('/admin/menu/delete', '2', null, null, null, '1441693993', '1441693993');
INSERT INTO `auth_item` VALUES ('/admin/menu/index', '2', null, null, null, '1441693993', '1441693993');
INSERT INTO `auth_item` VALUES ('/admin/menu/update', '2', null, null, null, '1441693993', '1441693993');
INSERT INTO `auth_item` VALUES ('/admin/menu/view', '2', null, null, null, '1441693993', '1441693993');
INSERT INTO `auth_item` VALUES ('/admin/permission/*', '2', null, null, null, '1441693993', '1441693993');
INSERT INTO `auth_item` VALUES ('/admin/permission/assign', '2', null, null, null, '1441693993', '1441693993');
INSERT INTO `auth_item` VALUES ('/admin/permission/create', '2', null, null, null, '1441693993', '1441693993');
INSERT INTO `auth_item` VALUES ('/admin/permission/delete', '2', null, null, null, '1441693993', '1441693993');
INSERT INTO `auth_item` VALUES ('/admin/permission/index', '2', null, null, null, '1441693993', '1441693993');
INSERT INTO `auth_item` VALUES ('/admin/permission/search', '2', null, null, null, '1441693993', '1441693993');
INSERT INTO `auth_item` VALUES ('/admin/permission/update', '2', null, null, null, '1441693993', '1441693993');
INSERT INTO `auth_item` VALUES ('/admin/permission/view', '2', null, null, null, '1441693993', '1441693993');
INSERT INTO `auth_item` VALUES ('/admin/role/*', '2', null, null, null, '1441693994', '1441693994');
INSERT INTO `auth_item` VALUES ('/admin/role/assign', '2', null, null, null, '1441693994', '1441693994');
INSERT INTO `auth_item` VALUES ('/admin/role/create', '2', null, null, null, '1441693993', '1441693993');
INSERT INTO `auth_item` VALUES ('/admin/role/delete', '2', null, null, null, '1441693994', '1441693994');
INSERT INTO `auth_item` VALUES ('/admin/role/index', '2', null, null, null, '1441693993', '1441693993');
INSERT INTO `auth_item` VALUES ('/admin/role/search', '2', null, null, null, '1441693994', '1441693994');
INSERT INTO `auth_item` VALUES ('/admin/role/update', '2', null, null, null, '1441693994', '1441693994');
INSERT INTO `auth_item` VALUES ('/admin/role/view', '2', null, null, null, '1441693993', '1441693993');
INSERT INTO `auth_item` VALUES ('/admin/route/*', '2', null, null, null, '1441693994', '1441693994');
INSERT INTO `auth_item` VALUES ('/admin/route/assign', '2', null, null, null, '1441693994', '1441693994');
INSERT INTO `auth_item` VALUES ('/admin/route/create', '2', null, null, null, '1441693994', '1441693994');
INSERT INTO `auth_item` VALUES ('/admin/route/index', '2', null, null, null, '1441693994', '1441693994');
INSERT INTO `auth_item` VALUES ('/admin/route/search', '2', null, null, null, '1441693994', '1441693994');
INSERT INTO `auth_item` VALUES ('/admin/rule/*', '2', null, null, null, '1441693994', '1441693994');
INSERT INTO `auth_item` VALUES ('/admin/rule/create', '2', null, null, null, '1441693994', '1441693994');
INSERT INTO `auth_item` VALUES ('/admin/rule/delete', '2', null, null, null, '1441693994', '1441693994');
INSERT INTO `auth_item` VALUES ('/admin/rule/index', '2', null, null, null, '1441693994', '1441693994');
INSERT INTO `auth_item` VALUES ('/admin/rule/update', '2', null, null, null, '1441693994', '1441693994');
INSERT INTO `auth_item` VALUES ('/admin/rule/view', '2', null, null, null, '1441693994', '1441693994');
INSERT INTO `auth_item` VALUES ('/cos/*', '2', null, null, null, '1449719390', '1449719390');
INSERT INTO `auth_item` VALUES ('/cos/delete', '2', null, null, null, '1449719431', '1449719431');
INSERT INTO `auth_item` VALUES ('/cos/index', '2', null, null, null, '1449719403', '1449719403');
INSERT INTO `auth_item` VALUES ('/cos/update', '2', null, null, null, '1449719415', '1449719415');
INSERT INTO `auth_item` VALUES ('/in-trunkgroup/index', '2', null, null, null, '1450439336', '1450439336');
INSERT INTO `auth_item` VALUES ('/out-trunkgroup/index', '2', null, null, null, '1450442675', '1450442675');
INSERT INTO `auth_item` VALUES ('/prefix/*', '2', null, null, null, '1450319167', '1450319167');
INSERT INTO `auth_item` VALUES ('/prefix/index', '2', null, null, null, '1450319304', '1450319304');
INSERT INTO `auth_item` VALUES ('/rating-profile/index', '2', null, null, null, '1450336031', '1450336031');
INSERT INTO `auth_item` VALUES ('/subscriber/index', '2', null, null, null, '1450338244', '1450338244');
INSERT INTO `auth_item` VALUES ('/subsgroup/index', '2', null, null, null, '1450419573', '1450419573');
INSERT INTO `auth_item` VALUES ('/trunk/index', '2', null, null, null, '1450444557', '1450444557');
INSERT INTO `auth_item` VALUES ('/user/user', '2', null, null, null, '1441903317', '1441903317');
INSERT INTO `auth_item` VALUES ('/user/user/bolehhapus', '2', null, null, null, '1448940409', '1448940409');
INSERT INTO `auth_item` VALUES ('/user/user/connection', '2', null, null, null, '1442203218', '1442203218');
INSERT INTO `auth_item` VALUES ('/user/user/create', '2', null, null, null, '1448555470', '1448555470');
INSERT INTO `auth_item` VALUES ('/user/user/index', '2', null, null, null, '1448335257', '1448335257');
INSERT INTO `auth_item` VALUES ('/user/user/log', '2', null, null, null, '1441899584', '1441899584');
INSERT INTO `auth_item` VALUES ('/user/user/update', '2', null, null, null, '1448556927', '1448556927');
INSERT INTO `auth_item` VALUES ('/virtual/delete', '2', null, null, null, '1448523187', '1448523187');
INSERT INTO `auth_item` VALUES ('/virtual/index', '2', null, null, null, '1441700082', '1441700082');
INSERT INTO `auth_item` VALUES ('/virtual/update', '2', null, null, null, '1448523161', '1448523161');
INSERT INTO `auth_item` VALUES ('/virtual/view', '2', null, null, null, '1448521920', '1448521920');
INSERT INTO `auth_item` VALUES ('admin', '1', 'admin', null, null, '1441822253', '1448094099');
INSERT INTO `auth_item` VALUES ('developer', '1', 'developer', null, null, '1441694075', '1441822228');
INSERT INTO `auth_item` VALUES ('operator', '1', 'operator', null, null, '1448504953', '1448521543');

-- ----------------------------
-- Table structure for `auth_item_child`
-- ----------------------------
DROP TABLE IF EXISTS `auth_item_child`;
CREATE TABLE `auth_item_child` (
  `parent` varchar(64) COLLATE utf8_unicode_ci NOT NULL,
  `child` varchar(64) COLLATE utf8_unicode_ci NOT NULL,
  PRIMARY KEY (`parent`,`child`),
  KEY `child` (`child`),
  CONSTRAINT `auth_item_child_ibfk_1` FOREIGN KEY (`parent`) REFERENCES `auth_item` (`name`) ON DELETE CASCADE ON UPDATE CASCADE,
  CONSTRAINT `auth_item_child_ibfk_2` FOREIGN KEY (`child`) REFERENCES `auth_item` (`name`) ON DELETE CASCADE ON UPDATE CASCADE
) ENGINE=InnoDB DEFAULT CHARSET=utf8 COLLATE=utf8_unicode_ci;

-- ----------------------------
-- Records of auth_item_child
-- ----------------------------
INSERT INTO `auth_item_child` VALUES ('developer', '/*');
INSERT INTO `auth_item_child` VALUES ('admin', '/admin/role/*');
INSERT INTO `auth_item_child` VALUES ('admin', '/admin/role/assign');
INSERT INTO `auth_item_child` VALUES ('admin', '/admin/role/create');
INSERT INTO `auth_item_child` VALUES ('admin', '/admin/role/delete');
INSERT INTO `auth_item_child` VALUES ('admin', '/admin/role/index');
INSERT INTO `auth_item_child` VALUES ('admin', '/admin/role/search');
INSERT INTO `auth_item_child` VALUES ('admin', '/admin/role/update');
INSERT INTO `auth_item_child` VALUES ('admin', '/admin/role/view');
INSERT INTO `auth_item_child` VALUES ('admin', '/admin/rule/*');
INSERT INTO `auth_item_child` VALUES ('admin', '/user/user');
INSERT INTO `auth_item_child` VALUES ('admin', '/user/user/connection');
INSERT INTO `auth_item_child` VALUES ('admin', '/user/user/create');
INSERT INTO `auth_item_child` VALUES ('admin', '/user/user/index');
INSERT INTO `auth_item_child` VALUES ('admin', '/user/user/log');
INSERT INTO `auth_item_child` VALUES ('admin', '/user/user/update');
INSERT INTO `auth_item_child` VALUES ('operator', '/virtual/delete');
INSERT INTO `auth_item_child` VALUES ('admin', '/virtual/index');
INSERT INTO `auth_item_child` VALUES ('operator', '/virtual/index');
INSERT INTO `auth_item_child` VALUES ('operator', '/virtual/view');

-- ----------------------------
-- Table structure for `auth_rule`
-- ----------------------------
DROP TABLE IF EXISTS `auth_rule`;
CREATE TABLE `auth_rule` (
  `name` varchar(64) COLLATE utf8_unicode_ci NOT NULL,
  `data` text COLLATE utf8_unicode_ci,
  `created_at` int(11) DEFAULT NULL,
  `updated_at` int(11) DEFAULT NULL,
  PRIMARY KEY (`name`)
) ENGINE=InnoDB DEFAULT CHARSET=utf8 COLLATE=utf8_unicode_ci;

-- ----------------------------
-- Records of auth_rule
-- ----------------------------

-- ----------------------------
-- Table structure for `log`
-- ----------------------------
DROP TABLE IF EXISTS `log`;
CREATE TABLE `log` (
  `id` bigint(20) NOT NULL AUTO_INCREMENT,
  `level` int(11) DEFAULT NULL,
  `category` varchar(255) DEFAULT NULL,
  `log_time` double DEFAULT NULL,
  `prefix` text,
  `message` text,
  PRIMARY KEY (`id`),
  KEY `idx_log_level` (`level`),
  KEY `idx_log_category` (`category`)
) ENGINE=InnoDB DEFAULT CHARSET=latin1;

-- ----------------------------
-- Records of log
-- ----------------------------

-- ----------------------------
-- Table structure for `menu`
-- ----------------------------
DROP TABLE IF EXISTS `menu`;
CREATE TABLE `menu` (
  `id` int(11) NOT NULL AUTO_INCREMENT,
  `name` varchar(128) NOT NULL,
  `parent` int(11) DEFAULT NULL,
  `route` varchar(256) DEFAULT NULL,
  `order` int(11) DEFAULT NULL,
  `data` text,
  `status` int(1) DEFAULT NULL,
  PRIMARY KEY (`id`),
  KEY `parent` (`parent`),
  CONSTRAINT `menu_ibfk_1` FOREIGN KEY (`parent`) REFERENCES `menu` (`id`) ON DELETE SET NULL ON UPDATE CASCADE
) ENGINE=InnoDB AUTO_INCREMENT=30 DEFAULT CHARSET=utf8;

-- ----------------------------
-- Records of menu
-- ----------------------------
INSERT INTO `menu` VALUES ('1', 'Configuration', null, null, '1', null, '1');
INSERT INTO `menu` VALUES ('2', 'Virtual', '1', '/virtual/index', '1', null, '1');
INSERT INTO `menu` VALUES ('10', 'RBAC', null, null, '2', null, '1');
INSERT INTO `menu` VALUES ('11', 'Assignments', '10', '/admin/assignment/index', '1', null, '1');
INSERT INTO `menu` VALUES ('12', 'Roles', '10', '/admin/role/index', '2', null, '1');
INSERT INTO `menu` VALUES ('13', 'Permissions', '10', '/admin/permission/index', '3', null, '1');
INSERT INTO `menu` VALUES ('14', 'Routes', '10', '/admin/route/index', '4', null, '1');
INSERT INTO `menu` VALUES ('15', 'Rules', '10', '/admin/rule/index', '5', null, '1');
INSERT INTO `menu` VALUES ('16', 'Menus', '10', '/admin/menu/index', '6', null, '1');
INSERT INTO `menu` VALUES ('17', 'Module', null, null, '3', null, '1');
INSERT INTO `menu` VALUES ('18', 'User Log', '17', '/user/user/log', null, null, '1');
INSERT INTO `menu` VALUES ('19', 'User Management', '17', '/user/user', null, null, '1');
INSERT INTO `menu` VALUES ('20', 'User Connection', '17', '/user/user/connection', '3', null, '1');
INSERT INTO `menu` VALUES ('22', 'Cos', '1', '/cos/index', '0', null, null);
INSERT INTO `menu` VALUES ('23', 'Prefix', '1', '/prefix/index', null, null, null);
INSERT INTO `menu` VALUES ('24', 'Rating', '1', '/rating-profile/index', '1', null, null);
INSERT INTO `menu` VALUES ('25', 'Subscriber', '1', '/subscriber/index', '2', null, null);
INSERT INTO `menu` VALUES ('26', 'Subscriber Group', '1', '/subsgroup/index', '3', null, null);
INSERT INTO `menu` VALUES ('27', 'In Trunk Groups', '1', '/in-trunkgroup/index', '1', null, null);
INSERT INTO `menu` VALUES ('28', 'Out Trunk Groups', '1', '/out-trunkgroup/index', '0', null, null);
INSERT INTO `menu` VALUES ('29', 'Trunk', '1', '/trunk/index', '2', null, null);

-- ----------------------------
-- Table structure for `migration`
-- ----------------------------
DROP TABLE IF EXISTS `migration`;
CREATE TABLE `migration` (
  `version` varchar(180) NOT NULL,
  `apply_time` int(11) DEFAULT NULL,
  PRIMARY KEY (`version`)
) ENGINE=InnoDB DEFAULT CHARSET=latin1;

-- ----------------------------
-- Records of migration
-- ----------------------------
INSERT INTO `migration` VALUES ('m000000_000000_base', '1441686617');
INSERT INTO `migration` VALUES ('m130524_201442_init', '1441686652');
INSERT INTO `migration` VALUES ('m140506_102106_rbac_init', '1441686625');
INSERT INTO `migration` VALUES ('m140602_111327_create_menu_table', '1441690312');

-- ----------------------------
-- Table structure for `session`
-- ----------------------------
DROP TABLE IF EXISTS `session`;
CREATE TABLE `session` (
  `id` char(40) NOT NULL,
  `expire` int(11) DEFAULT NULL,
  `data` blob,
  PRIMARY KEY (`id`)
) ENGINE=InnoDB DEFAULT CHARSET=latin1;

-- ----------------------------
-- Records of session
-- ----------------------------
INSERT INTO `session` VALUES ('3j83q73vvkqntbbelt7obli0g67id6dq4au282u1', '1441778157', '');
INSERT INTO `session` VALUES ('7fcta7uck9bo2javspvah389jdobe8ek1f08knm1', '1441778147', '');
INSERT INTO `session` VALUES ('f8dse51miedfg7edp4n8jqru86lftr2obcuvv8b8', '1441778159', '');
INSERT INTO `session` VALUES ('j5454nbfjnfbppn0q86l81tqsp246k5e8jo10bno', '1441778156', '');
INSERT INTO `session` VALUES ('lt59m9nnpka6bdk8a7v7f0jtn16e4ns4cov14809', '1441778159', '');
INSERT INTO `session` VALUES ('un1el0u16gb6ccls4jb37inmtccqfjq4e154arp1', '1441778149', '');

-- ----------------------------
-- Table structure for `tbl_activity_history`
-- ----------------------------
DROP TABLE IF EXISTS `tbl_activity_history`;
CREATE TABLE `tbl_activity_history` (
  `id` int(11) NOT NULL AUTO_INCREMENT,
  `iduser` int(10) NOT NULL,
  `username` varchar(20) NOT NULL,
  `berita` longblob NOT NULL,
  `date` datetime NOT NULL,
  `ip` varchar(16) NOT NULL,
  PRIMARY KEY (`id`)
) ENGINE=InnoDB AUTO_INCREMENT=521 DEFAULT CHARSET=latin1;

-- ----------------------------
-- Records of tbl_activity_history
-- ----------------------------
INSERT INTO `tbl_activity_history` VALUES ('458', '1', 'irezpratama', 0x5B435245415445205355425347524F55505D204E616D65203A207375627367726F75705F62756469, '2015-12-18 17:15:36', '127.0.0.1');
INSERT INTO `tbl_activity_history` VALUES ('459', '1', 'irezpratama', 0x5B435245415445205355425347524F55505D204E616D65203A207375627367726F75705F62756469202C4465736372697074696F6E203A2061706120616A612C205669727475616C203A20332C204172656120436F6465203A203230352C4F666669636520436F6465203A20303939383930382C20526174696E67203A2033382C2057616C6C6574203A203231, '2015-12-18 17:18:43', '127.0.0.1');
INSERT INTO `tbl_activity_history` VALUES ('460', '1', 'irezpratama', 0x5B555044415445205355425347524F55505D204E616D65203A207375627367726F75705F627564692075706461746520746F207375627367726F75705F6275646920757064617465202C4465736372697074696F6E203A2061706120616A6120746F2061706120616A612C205669727574616C203A203320746F20332C204172656120436F6465203A2032303520746F203230352C4F666669636520436F6465203A2039393839303820746F203939383930382C20526174696E67203A20333820746F2033382C2057616C6C6574203A20323120746F203231, '2015-12-18 17:21:59', '127.0.0.1');
INSERT INTO `tbl_activity_history` VALUES ('461', '1', 'irezpratama', 0x5B555044415445205355425347524F55505D204E616D65203A207375627367726F75705F6275646920746F207375627367726F75705F6275646920746F2064617465202C4465736372697074696F6E203A2020746F20642C205669727574616C203A2020746F2031392C204172656120436F6465203A2032303520746F203230352C4F666669636520436F6465203A2039393839303820746F203939383930382C20526174696E67203A20333820746F2033382C2057616C6C6574203A2020746F20, '2015-12-18 17:25:35', '127.0.0.1');
INSERT INTO `tbl_activity_history` VALUES ('462', '1', 'irezpratama', 0x5B44454C455445205355425347524F55505D204E616D65203A207375627367726F75705F62756469202C4465736372697074696F6E203A2061706120616A61202C205669727475616C203A20332C204172656120436F6465203A20323035202C4F666669636520436F6465203A203939383930382C20526174696E67203A203338202C2057616C6C6574203A20323120, '2015-12-18 17:26:23', '127.0.0.1');
INSERT INTO `tbl_activity_history` VALUES ('464', '1', 'irezpratama', 0x5B435245415445205052454649585D20507265666978203A203032313232202C4465736372697074696F6E203A206A616B617274612C205669727475616C203A20332C2054797065203A2031, '2015-12-18 18:03:20', '127.0.0.1');
INSERT INTO `tbl_activity_history` VALUES ('465', '1', 'irezpratama', 0x5B55504441544520535542534352494245525D2047726F7570203A20313920746F203139202C204E756D626572203A206972657A70726174616D617320746F206972657A70726174616D61732070617373776F7264203A207234683435313420746F20723468343531342C20434F53203A20313120746F2031312C20464F52574152445F4F4E5F524E415F656E61626C6564203A2020746F202C20464F52574152445F4F4E5F524E415F6E756D626572203A203038313231333332313535333620746F20303831323133333231353533362C464F52574152445F554E435F656E61626C6564203A203120746F20312C464F52574152445F554E435F6E756D626572203A2030383132313233313331353520746F203038313231323331333135352C464F52574152445F4F4E5F425553595F656E61626C6564203A203120746F20312C464F52574152445F4F4E5F425553595F6E756D626572203A2030383132323133333132353520746F203038313232313333313235352C636C6970203A203120746F20312C20636C6972203A203120746F20312C206D7769203A203120746F20312C2063616C6C2068756E74696E67203A202B3632383132313233313331353520746F202B363238313231323331333135352C2063616C6C2068756E74696E672074797065203A203120746F2031, '2015-12-18 18:17:34', '127.0.0.1');
INSERT INTO `tbl_activity_history` VALUES ('466', '1', 'irezpratama', 0x5B55504441544520535542534352494245525D2047726F7570203A20313920746F203138202C204E756D626572203A206972657A70726174616D617320746F206972657A70726174616D61732070617373776F7264203A207234683435313420746F20723468343531342C20434F53203A20313120746F2031312C20464F52574152445F4F4E5F524E415F656E61626C6564203A2020746F202C20464F52574152445F4F4E5F524E415F6E756D626572203A203038313231333332313535333620746F20303831323133333231353533362C464F52574152445F554E435F656E61626C6564203A203120746F20312C464F52574152445F554E435F6E756D626572203A2030383132313233313331353520746F203038313231323331333135352C464F52574152445F4F4E5F425553595F656E61626C6564203A203120746F20312C464F52574152445F4F4E5F425553595F6E756D626572203A2030383132323133333132353520746F203038313232313333313235352C636C6970203A203120746F20312C20636C6972203A203120746F20312C206D7769203A203120746F20312C2063616C6C2068756E74696E67203A202B3632383132313233313331353520746F202B363238313231323331333135352C2063616C6C2068756E74696E672074797065203A203120746F2031, '2015-12-18 18:18:11', '127.0.0.1');
INSERT INTO `tbl_activity_history` VALUES ('467', '1', 'irezpratama', 0x5B43524541544520494E205452554E4B2047524F55505D204E616D65203A2063696E7461202C4465736372697074696F6E203A207472756E6B5F67726F75705F7465735F627564692C207669727475616C203A2032, '2015-12-18 19:36:45', '127.0.0.1');
INSERT INTO `tbl_activity_history` VALUES ('468', '1', 'irezpratama', 0x5B55504441544520494E205452554E4B2047524F55505D204E616D65203A2063696E746120746F2063696E7461206B75202C4465736372697074696F6E203A207472756E6B5F67726F75705F7465735F6275646920746F207472756E6B5F67726F75705F7465735F627564692C207669727475616C203A203220746F2032, '2015-12-18 19:37:13', '127.0.0.1');
INSERT INTO `tbl_activity_history` VALUES ('469', '1', 'irezpratama', 0x5B44454C45544520494E205452554E4B2047524F55505D204E616D65203A2063696E7461206B75202C4465736372697074696F6E203A207472756E6B5F67726F75705F7465735F627564692C207669727475616C203A2032, '2015-12-18 19:37:33', '127.0.0.1');
INSERT INTO `tbl_activity_history` VALUES ('470', '1', 'irezpratama', 0x5B43524541544520494E205452554E4B2047524F55505D204E616D65203A2063696E7461202C4465736372697074696F6E203A207472756E6B5F67726F75705F7465735F627564692C207669727475616C203A2033, '2015-12-18 19:37:52', '127.0.0.1');
INSERT INTO `tbl_activity_history` VALUES ('471', '1', 'irezpratama', 0x5B43524541544520434F535D204E616D65203A204A616B61727461202C4465736372697074696F6E203A20676767, '2015-12-18 20:04:05', '127.0.0.1');
INSERT INTO `tbl_activity_history` VALUES ('472', '1', 'irezpratama', 0x5B43524541544520434F535D204E616D65203A204A616B61727461202C4465736372697074696F6E203A20676767, '2015-12-18 20:07:03', '127.0.0.1');
INSERT INTO `tbl_activity_history` VALUES ('473', '1', 'irezpratama', 0x5B55504441544520434F535D204E616D65203A204A616B6172746120746F204A616B6172746120757064617465202C4465736372697074696F6E203A2067676720746F20676767, '2015-12-18 20:07:34', '127.0.0.1');
INSERT INTO `tbl_activity_history` VALUES ('474', '1', 'irezpratama', 0x5B44454C45544520434F535D204E616D65203A204A616B61727461202C4465736372697074696F6E203A20676767, '2015-12-18 20:08:13', '127.0.0.1');
INSERT INTO `tbl_activity_history` VALUES ('475', '1', 'irezpratama', 0x5B435245415445205452554E4B5D204E616D65203A207472756E6B61206B6162656C202C4950203A203139322E302E302E312C20506F7274203A2038302C204865617274203A20312C534950203A20312C20496E205472756E6B2047726F7570203A202C204F7574205472756E6B67726F7570203A20, '2015-12-18 20:36:20', '127.0.0.1');
INSERT INTO `tbl_activity_history` VALUES ('476', '1', 'irezpratama', 0x5B555044415445205452554E4B5D204E616D65203A207472756E6B61206B6162656C20746F207472756E6B61206B6162656C20757064617465202C4950203A203139322E302E302E3120746F203139322E302E302E312C20506F7274203A20383020746F2038302C204865617274203A203120746F20312C534950203A203120746F20312C20496E205472756E6B2047726F7570203A2020746F202C204F7574205472756E6B67726F7570203A2020746F20, '2015-12-18 20:36:43', '127.0.0.1');
INSERT INTO `tbl_activity_history` VALUES ('477', '1', 'irezpratama', 0x5B555044415445205452554E4B5D204E616D65203A207472756E6B61206B6162656C2075706461746520746F207472756E6B61206B6162656C20757064617465202C4950203A203139322E302E302E3120746F203139322E302E302E312C20506F7274203A20383020746F2038302C204865617274203A203120746F20312C534950203A203120746F20312C20496E205472756E6B2047726F7570203A2020746F2031392C204F7574205472756E6B67726F7570203A2020746F203232, '2015-12-18 20:36:57', '127.0.0.1');
INSERT INTO `tbl_activity_history` VALUES ('478', '1', 'irezpratama', 0x5B44454C455445205452554E4B5D204E616D65203A207472756E6B61206B6162656C20757064617465202C4950203A203139322E302E302E312C20506F7274203A2038302C204865617274203A20312C534950203A20312C20496E205472756E6B2047726F7570203A2031392C204F7574205472756E6B67726F7570203A203232, '2015-12-18 20:37:34', '127.0.0.1');
INSERT INTO `tbl_activity_history` VALUES ('479', '1', 'irezpratama', 0x5B43524541544520434F535D204E616D65203A20427564692062617275202C4465736372697074696F6E203A207061726174616D612C20464F52574152445F4F4E5F524E415F656E61626C6564203A20312C20464F52574152445F4F4E5F524E415F6E756D626572203A203038313231323331333135352C464F52574152445F4F4E5F425553595F656E61626C6564203A20312C20464F52574152445F4F4E5F425553595F6E756D626572203A203038313231323331333135352C20464F52574152445F554E435F656E61626C6564203A20312C20464F52574152445F554E435F6E756D626572203A203038313231323331333135352C20636C6970203A20312C20636C6972203A20302C206D7769203A20312C2063616C6C5F68756E74696E67203A202C2063616C6C5F68756E74696E675F74797065203A2031, '2015-12-18 20:43:02', '127.0.0.1');
INSERT INTO `tbl_activity_history` VALUES ('480', '1', 'irezpratama', 0x5B435245415445205649525455414C5D204E616D65203A206469616E61202C4465736372697074696F6E203A206D6173756B616E2C20537461747573203A20416374697665, '2015-12-18 20:45:04', '127.0.0.1');
INSERT INTO `tbl_activity_history` VALUES ('481', '1', 'irezpratama', 0x5B435245415445205649525455414C5D204E616D65203A2042756469202C4465736372697074696F6E203A206D6173756B616E2C20537461747573203A20416374697665, '2015-12-18 20:46:26', '127.0.0.1');
INSERT INTO `tbl_activity_history` VALUES ('482', '1', 'irezpratama', 0x5B435245415445205649525455414C5D204E616D65203A206469616E61202C4465736372697074696F6E203A206D6173756B616E2C20537461747573203A20496E616374697665, '2015-12-18 20:49:36', '127.0.0.1');
INSERT INTO `tbl_activity_history` VALUES ('483', '1', 'irezpratama', 0x5B435245415445205649525455414C5D204E616D65203A2042756469202C4465736372697074696F6E203A206C696E64612C20537461747573203A20496E616374697665, '2015-12-18 20:50:53', '127.0.0.1');
INSERT INTO `tbl_activity_history` VALUES ('484', '1', 'irezpratama', 0x5B435245415445205649525455414C5D204E616D65203A2042756469206D616B616E20746F2042756469206D616B616E2C4465736372697074696F6E203A206C696E646120746F206C696E64612C20537461747573203A20496E61637469766520746F20496E616374697665, '2015-12-18 20:51:45', '127.0.0.1');
INSERT INTO `tbl_activity_history` VALUES ('485', '1', 'irezpratama', 0x5B435245415445205649525455414C5D204E616D65203A2042756469206D616B616E20746F2042756469206D616B616E20706973616E2C4465736372697074696F6E203A206C696E646120746F206C696E64612C20537461747573203A20496E61637469766520746F20496E616374697665, '2015-12-18 20:52:07', '127.0.0.1');
INSERT INTO `tbl_activity_history` VALUES ('486', '1', 'irezpratama', 0x4C4F47494E, '2015-12-19 10:38:39', '::1');
INSERT INTO `tbl_activity_history` VALUES ('487', '1', 'irezpratama', 0x5B435245415445205649525455414C5D204E616D65203A206B6C6D6C6B202C4465736372697074696F6E203A206B6C6D6C6B6D2C20537461747573203A20496E616374697665, '2015-12-19 10:40:12', '::1');
INSERT INTO `tbl_activity_history` VALUES ('488', '1', 'irezpratama', 0x5B435245415445205649525455414C5D204E616D65203A2042756469206D616B616E20706973616E202C4465736372697074696F6E203A206C696E64612C20537461747573203A20496E616374697665, '2015-12-19 10:41:24', '::1');
INSERT INTO `tbl_activity_history` VALUES ('489', '1', 'irezpratama', 0x5B435245415445205649525455414C5D204E616D65203A206469616E61202C4465736372697074696F6E203A206D6173756B616E2C20537461747573203A20496E616374697665, '2015-12-19 10:41:39', '::1');
INSERT INTO `tbl_activity_history` VALUES ('490', '1', 'irezpratama', 0x5B435245415445205649525455414C5D204E616D65203A2042756469206B6D202C4465736372697074696F6E203A206D6173756B616E2C20537461747573203A20416374697665, '2015-12-19 10:42:20', '::1');
INSERT INTO `tbl_activity_history` VALUES ('491', '1', 'irezpratama', 0x5B435245415445205649525455414C5D204E616D65203A206469616E61202C4465736372697074696F6E203A206D6173756B616E2C20537461747573203A20416374697665, '2015-12-19 10:42:24', '::1');
INSERT INTO `tbl_activity_history` VALUES ('492', '1', 'irezpratama', 0x5B435245415445205649525455414C5D204E616D65203A207669727475616C5F32202C4465736372697074696F6E203A207669727475616C5F332C20537461747573203A20496E616374697665, '2015-12-19 10:42:28', '::1');
INSERT INTO `tbl_activity_history` VALUES ('493', '1', 'irezpratama', 0x5B435245415445205649525455414C5D204E616D65203A206A6E6B6A202C4465736372697074696F6E203A206A6B6E6B2C20537461747573203A20496E616374697665, '2015-12-19 10:42:32', '::1');
INSERT INTO `tbl_activity_history` VALUES ('494', '1', 'irezpratama', 0x5B435245415445205649525455414C5D204E616D65203A206B616D707265746F202C4465736372697074696F6E203A20636963617269746F2C20537461747573203A20496E616374697665, '2015-12-19 10:42:37', '::1');
INSERT INTO `tbl_activity_history` VALUES ('495', '1', 'irezpratama', 0x5B435245415445205649525455414C5D204E616D65203A206469616E61202C4465736372697074696F6E203A206C696E64612C20537461747573203A20496E616374697665, '2015-12-19 10:42:41', '::1');
INSERT INTO `tbl_activity_history` VALUES ('496', '1', 'irezpratama', 0x5B435245415445205649525455414C5D204E616D65203A2042756469202C4465736372697074696F6E203A206D6173756B616E2C20537461747573203A20496E616374697665, '2015-12-19 10:42:44', '::1');
INSERT INTO `tbl_activity_history` VALUES ('497', '1', 'irezpratama', 0x4C4F47494E, '2015-12-20 14:13:40', '::1');
INSERT INTO `tbl_activity_history` VALUES ('498', '1', 'irezpratama', 0x4C4F47494E, '2015-12-20 14:14:29', '::1');
INSERT INTO `tbl_activity_history` VALUES ('499', '1', 'irezpratama', 0x4C4F47494E, '2015-12-20 14:15:22', '::1');
INSERT INTO `tbl_activity_history` VALUES ('500', '1', 'irezpratama', 0x4C4F47494E, '2015-12-20 14:16:20', '::1');
INSERT INTO `tbl_activity_history` VALUES ('501', '1', 'irezpratama', 0x4C4F47494E, '2015-12-20 14:16:42', '::1');
INSERT INTO `tbl_activity_history` VALUES ('502', '1', 'irezpratama', 0x4C4F47494E, '2015-12-20 14:18:32', '::1');
INSERT INTO `tbl_activity_history` VALUES ('503', '1', 'irezpratama', 0x4C4F47494E, '2015-12-20 14:19:22', '::1');
INSERT INTO `tbl_activity_history` VALUES ('504', '1', 'irezpratama', 0x4C4F47494E, '2015-12-20 14:20:04', '::1');
INSERT INTO `tbl_activity_history` VALUES ('505', '1', 'irezpratama', 0x4C4F47494E, '2015-12-20 14:20:32', '::1');
INSERT INTO `tbl_activity_history` VALUES ('506', '1', 'irezpratama', 0x5B435245415445205452554E4B5D204E616D65203A206A616B61727461202C4950203A203139322E302E302E312C20506F7274203A2038302C204865617274203A20312C534950203A20312C20496E205472756E6B2047726F7570203A2031392C204F7574205472756E6B67726F7570203A203232, '2015-12-20 14:31:33', '::1');
INSERT INTO `tbl_activity_history` VALUES ('507', '1', 'irezpratama', 0x4C4F47494E, '2015-12-20 14:58:59', '::1');
INSERT INTO `tbl_activity_history` VALUES ('508', '1', 'irezpratama', 0x4C4F47494E, '2015-12-20 15:12:58', '::1');
INSERT INTO `tbl_activity_history` VALUES ('509', '1', 'irezpratama', 0x4C4F47494E, '2015-12-20 15:13:47', '::1');
INSERT INTO `tbl_activity_history` VALUES ('510', '1', 'irezpratama', 0x4C4F47494E, '2015-12-20 15:15:21', '::1');
INSERT INTO `tbl_activity_history` VALUES ('511', '1', 'irezpratama', 0x4C4F47494E, '2015-12-20 15:15:48', '::1');
INSERT INTO `tbl_activity_history` VALUES ('512', '1', 'irezpratama', 0x4C4F47494E, '2015-12-20 15:16:25', '::1');
INSERT INTO `tbl_activity_history` VALUES ('513', '1', 'irezpratama', 0x4C4F47494E, '2015-12-20 15:17:45', '::1');
INSERT INTO `tbl_activity_history` VALUES ('514', '1', 'irezpratama', 0x4C4F47494E, '2015-12-20 15:18:07', '::1');
INSERT INTO `tbl_activity_history` VALUES ('515', '1', 'irezpratama', 0x4C4F47494E, '2015-12-20 15:25:08', '::1');
INSERT INTO `tbl_activity_history` VALUES ('516', '1', 'irezpratama', 0x4C4F47494E, '2015-12-20 15:25:28', '::1');
INSERT INTO `tbl_activity_history` VALUES ('517', '1', 'irezpratama', 0x5B555044415445205052454649585D20507265666978203A2030323120746F20303231202C4465736372697074696F6E203A206A616B6172746120746F206A616B617274612C205669727475616C203A203420746F20342C2054797065203A203020746F2030, '2015-12-20 17:47:06', '::1');
INSERT INTO `tbl_activity_history` VALUES ('518', '1', 'irezpratama', 0x5B55504441544520535542534352494245525D2047726F7570203A20313820746F203138202C204E756D626572203A206972657A70726174616D617320746F206972657A70726174616D61732070617373776F7264203A207234683435313420746F20723468343531342C20434F53203A20313120746F2031332C20464F52574152445F4F4E5F524E415F656E61626C6564203A2020746F202C20464F52574152445F4F4E5F524E415F6E756D626572203A203038313231333332313535333620746F20303831323133333231353533362C464F52574152445F554E435F656E61626C6564203A203120746F20312C464F52574152445F554E435F6E756D626572203A2030383132313233313331353520746F203038313231323331333135352C464F52574152445F4F4E5F425553595F656E61626C6564203A203120746F20312C464F52574152445F4F4E5F425553595F6E756D626572203A2030383132323133333132353520746F203038313232313333313235352C636C6970203A203120746F20312C20636C6972203A203120746F20312C206D7769203A203120746F20312C2063616C6C2068756E74696E67203A202B3632383132313233313331353520746F202B363238313231323331333135352C2063616C6C2068756E74696E672074797065203A203120746F2031, '2015-12-20 17:59:14', '::1');
INSERT INTO `tbl_activity_history` VALUES ('519', '1', 'irezpratama', 0x5B435245415445205052454649585D20507265666978203A2030323131323132202C4465736372697074696F6E203A202C205669727475616C203A20332C2054797065203A2030, '2015-12-20 19:36:46', '::1');
INSERT INTO `tbl_activity_history` VALUES ('520', '1', 'irezpratama', 0x4C4F47494E, '2015-12-20 19:52:08', '::1');

-- ----------------------------
-- Table structure for `tbl_cos`
-- ----------------------------
DROP TABLE IF EXISTS `tbl_cos`;
CREATE TABLE `tbl_cos` (
  `id` int(11) NOT NULL AUTO_INCREMENT,
  `name` varchar(50) NOT NULL,
  `desc` varchar(50) DEFAULT NULL,
  `FORWARD_ON_RNA_enabled` int(1) DEFAULT NULL,
  `FORWARD_ON_RNA_number` varchar(15) DEFAULT NULL,
  `FORWARD_ON_BUSY_enabled` int(1) DEFAULT NULL,
  `FORWARD_ON_BUSY_number` varchar(15) DEFAULT NULL,
  `FORWARD_UNC_enabled` int(1) DEFAULT NULL,
  `FORWARD_UNC_number` varchar(15) DEFAULT NULL,
  `clip` int(1) DEFAULT NULL,
  `clir` int(1) DEFAULT NULL,
  `mwi` int(1) DEFAULT NULL,
  `call_hunting` varchar(255) DEFAULT NULL,
  `first_user` varchar(50) DEFAULT NULL,
  `first_ip` varchar(20) DEFAULT NULL,
  `first_update` datetime DEFAULT NULL,
  `last_user` varchar(50) DEFAULT NULL,
  `last_ip` varchar(20) DEFAULT NULL,
  `last_update` datetime DEFAULT NULL,
  `call_hunting_type` int(1) DEFAULT NULL COMMENT '0:disable, 1:serial, 2:round robin',
  PRIMARY KEY (`id`)
) ENGINE=InnoDB AUTO_INCREMENT=15 DEFAULT CHARSET=latin1;

-- ----------------------------
-- Records of tbl_cos
-- ----------------------------
INSERT INTO `tbl_cos` VALUES ('11', 'Budi', 'paratama', '0', '081212313155', '1', '081212313155', '1', '081212313155', '0', '1', '1', '980808', 'irezpratama', '127.0.0.1', '2015-12-18 10:21:45', 'irezpratama', '127.0.0.1', '2015-12-18 10:21:45', '1');
INSERT INTO `tbl_cos` VALUES ('12', 'Budi', 'paratama', '1', '081212313155', '0', '081212313155', '1', '081212313155', '1', '1', '1', 'dsadas', 'irezpratama', '127.0.0.1', '2015-12-18 10:22:44', 'irezpratama', '127.0.0.1', '2015-12-18 10:22:44', '1');
INSERT INTO `tbl_cos` VALUES ('13', 'ganteng pisan urang', 'paratama', '1', '081212313155', '1', '081212313155', '0', '081212313155', '1', '0', '0', 'kjnjk', 'irezpratama', '127.0.0.1', '2015-12-18 11:22:54', 'irezpratama', '127.0.0.1', '2015-12-18 11:29:11', '0');
INSERT INTO `tbl_cos` VALUES ('14', 'Budi baru', 'paratama', '1', '081212313155', '1', '081212313155', '1', '081212313155', '1', '0', '1', '', 'irezpratama', '127.0.0.1', '2015-12-18 20:43:02', 'irezpratama', '127.0.0.1', '2015-12-18 20:43:02', '1');

-- ----------------------------
-- Table structure for `tbl_in_trunkgroup`
-- ----------------------------
DROP TABLE IF EXISTS `tbl_in_trunkgroup`;
CREATE TABLE `tbl_in_trunkgroup` (
  `id` int(11) NOT NULL AUTO_INCREMENT,
  `name` varchar(50) DEFAULT NULL,
  `desc` varchar(50) DEFAULT NULL,
  `virtual_id` int(11) DEFAULT NULL,
  `first_user` varchar(50) DEFAULT NULL,
  `first_ip` varchar(20) DEFAULT NULL,
  `first_update` datetime DEFAULT NULL,
  `last_user` varchar(50) DEFAULT NULL,
  `last_ip` varchar(20) DEFAULT NULL,
  `last_update` datetime DEFAULT NULL,
  PRIMARY KEY (`id`),
  KEY `relation_tbl_virtual_id` (`virtual_id`),
  CONSTRAINT `relation_tbl_virtual_id` FOREIGN KEY (`virtual_id`) REFERENCES `tbl_virtual` (`id`) ON DELETE CASCADE ON UPDATE CASCADE
) ENGINE=InnoDB AUTO_INCREMENT=20 DEFAULT CHARSET=latin1;

-- ----------------------------
-- Records of tbl_in_trunkgroup
-- ----------------------------
INSERT INTO `tbl_in_trunkgroup` VALUES ('19', 'cinta', 'trunk_group_tes_budi', '3', 'irezpratama', '127.0.0.1', '2015-12-18 19:37:52', 'irezpratama', '127.0.0.1', '2015-12-18 19:37:52');

-- ----------------------------
-- Table structure for `tbl_out_trunkgroup`
-- ----------------------------
DROP TABLE IF EXISTS `tbl_out_trunkgroup`;
CREATE TABLE `tbl_out_trunkgroup` (
  `id` int(11) NOT NULL AUTO_INCREMENT,
  `name` varchar(50) DEFAULT NULL,
  `desc` varchar(50) DEFAULT NULL,
  `first_user` varchar(50) DEFAULT NULL,
  `first_ip` varchar(20) DEFAULT NULL,
  `first_update` datetime DEFAULT NULL,
  `last_user` varchar(50) DEFAULT NULL,
  `last_ip` varchar(20) DEFAULT NULL,
  `last_update` datetime DEFAULT NULL,
  `virtual_id` int(11) DEFAULT NULL,
  PRIMARY KEY (`id`),
  KEY `km` (`virtual_id`),
  CONSTRAINT `km` FOREIGN KEY (`virtual_id`) REFERENCES `tbl_virtual` (`id`) ON DELETE CASCADE ON UPDATE CASCADE
) ENGINE=InnoDB AUTO_INCREMENT=23 DEFAULT CHARSET=latin1;

-- ----------------------------
-- Records of tbl_out_trunkgroup
-- ----------------------------
INSERT INTO `tbl_out_trunkgroup` VALUES ('22', 'Jakarta update', 'ggg', 'irezpratama', '127.0.0.1', '2015-12-18 20:07:03', 'irezpratama', '127.0.0.1', '2015-12-18 20:07:34', '3');

-- ----------------------------
-- Table structure for `tbl_prefix`
-- ----------------------------
DROP TABLE IF EXISTS `tbl_prefix`;
CREATE TABLE `tbl_prefix` (
  `id` int(11) NOT NULL AUTO_INCREMENT,
  `virtual_id` int(11) NOT NULL,
  `prefix` varchar(50) DEFAULT NULL,
  `description` varchar(100) DEFAULT NULL,
  `type` int(1) DEFAULT NULL,
  `first_user` varchar(50) DEFAULT NULL,
  `first_ip` varchar(20) DEFAULT NULL,
  `first_update` datetime DEFAULT NULL,
  `last_user` varchar(50) DEFAULT NULL,
  `last_ip` varchar(20) DEFAULT NULL,
  `last_update` datetime DEFAULT NULL,
  PRIMARY KEY (`id`),
  UNIQUE KEY `gf` (`virtual_id`,`prefix`),
  KEY `m` (`virtual_id`),
  KEY `id_pf` (`id`,`prefix`),
  CONSTRAINT `relation.tbl_virtual.id` FOREIGN KEY (`virtual_id`) REFERENCES `tbl_virtual` (`id`) ON DELETE CASCADE ON UPDATE CASCADE
) ENGINE=InnoDB AUTO_INCREMENT=87 DEFAULT CHARSET=latin1;

-- ----------------------------
-- Records of tbl_prefix
-- ----------------------------
INSERT INTO `tbl_prefix` VALUES ('79', '4', '021', 'jakarta', '0', 'irezpratama', '127.0.0.1', '2015-12-18 10:24:22', 'irezpratama', '::1', '2015-12-20 17:47:07');
INSERT INTO `tbl_prefix` VALUES ('81', '4', '+6221', 'jakarta', '1', 'irezpratama', '127.0.0.1', '2015-12-18 10:32:45', 'irezpratama', '127.0.0.1', '2015-12-18 10:32:45');
INSERT INTO `tbl_prefix` VALUES ('82', '3', '0212', 'jakarta', '1', 'irezpratama', '127.0.0.1', '2015-12-18 10:35:40', 'irezpratama', '127.0.0.1', '2015-12-18 10:58:38');
INSERT INTO `tbl_prefix` VALUES ('83', '7', 'tes_prefix_budi aja', 'jakartavcv', '1', 'irezpratama', '127.0.0.1', '2015-12-18 10:38:45', 'irezpratama', '127.0.0.1', '2015-12-18 10:59:46');
INSERT INTO `tbl_prefix` VALUES ('84', '3', '021', 'jakarta', '1', 'irezpratama', '127.0.0.1', '2015-12-18 18:01:44', 'irezpratama', '127.0.0.1', '2015-12-18 18:01:44');
INSERT INTO `tbl_prefix` VALUES ('85', '3', '02122', 'jakarta', '1', 'irezpratama', '127.0.0.1', '2015-12-18 18:03:21', 'irezpratama', '127.0.0.1', '2015-12-18 18:03:21');
INSERT INTO `tbl_prefix` VALUES ('86', '3', '0211212', '', '0', 'irezpratama', '::1', '2015-12-20 19:36:46', 'irezpratama', '::1', '2015-12-20 19:36:46');

-- ----------------------------
-- Table structure for `tbl_prefix_capability`
-- ----------------------------
DROP TABLE IF EXISTS `tbl_prefix_capability`;
CREATE TABLE `tbl_prefix_capability` (
  `no` int(11) NOT NULL AUTO_INCREMENT,
  `prefix_id` int(11) DEFAULT NULL,
  `codec_type` varchar(30) DEFAULT NULL,
  PRIMARY KEY (`no`),
  UNIQUE KEY `unik` (`prefix_id`,`codec_type`),
  CONSTRAINT `relation.tbl_prefix.id` FOREIGN KEY (`prefix_id`) REFERENCES `tbl_prefix` (`id`) ON DELETE CASCADE ON UPDATE CASCADE
) ENGINE=InnoDB AUTO_INCREMENT=6 DEFAULT CHARSET=latin1;

-- ----------------------------
-- Records of tbl_prefix_capability
-- ----------------------------
INSERT INTO `tbl_prefix_capability` VALUES ('1', '79', 'we');
INSERT INTO `tbl_prefix_capability` VALUES ('3', '81', 'jknjk');
INSERT INTO `tbl_prefix_capability` VALUES ('4', '82', 'kjnjk');
INSERT INTO `tbl_prefix_capability` VALUES ('5', '83', 'dsds');

-- ----------------------------
-- Table structure for `tbl_rating_profile`
-- ----------------------------
DROP TABLE IF EXISTS `tbl_rating_profile`;
CREATE TABLE `tbl_rating_profile` (
  `id` int(11) NOT NULL AUTO_INCREMENT,
  `desc` varchar(50) DEFAULT NULL,
  `first_user` varchar(50) DEFAULT NULL,
  `first_ip` varchar(20) DEFAULT NULL,
  `first_update` datetime DEFAULT NULL,
  `last_user` varchar(50) DEFAULT NULL,
  `last_ip` varchar(20) DEFAULT NULL,
  `last_update` datetime DEFAULT NULL,
  PRIMARY KEY (`id`)
) ENGINE=InnoDB AUTO_INCREMENT=39 DEFAULT CHARSET=latin1;

-- ----------------------------
-- Records of tbl_rating_profile
-- ----------------------------
INSERT INTO `tbl_rating_profile` VALUES ('38', 'rating_2', 'irezpratama', '127.0.0.1', '2015-12-18 13:44:36', 'irezpratama', '127.0.0.1', '2015-12-18 13:44:36');

-- ----------------------------
-- Table structure for `tbl_subscriber`
-- ----------------------------
DROP TABLE IF EXISTS `tbl_subscriber`;
CREATE TABLE `tbl_subscriber` (
  `id` int(11) NOT NULL AUTO_INCREMENT,
  `group_id` int(11) DEFAULT NULL,
  `number` varchar(15) DEFAULT NULL,
  `password` varchar(50) DEFAULT NULL,
  `COS` int(11) DEFAULT NULL,
  `FORWARD_ON_RNA_enabled` int(1) DEFAULT NULL,
  `FORWARD_ON_RNA_number` varchar(15) DEFAULT NULL,
  `FORWARD_ON_BUSY_enabled` int(1) DEFAULT NULL,
  `FORWARD_ON_BUSY_number` varchar(15) DEFAULT NULL,
  `FORWARD_UNC_enabled` int(1) DEFAULT NULL,
  `FORWARD_UNC_number` varchar(15) DEFAULT NULL,
  `clip` int(1) DEFAULT NULL,
  `clir` int(1) DEFAULT NULL,
  `mwi` int(1) DEFAULT NULL,
  `call_hunting_type` int(1) NOT NULL DEFAULT '0',
  `call_hunting` varchar(255) DEFAULT NULL,
  `first_user` varchar(50) DEFAULT NULL,
  `last_user` varchar(50) DEFAULT NULL,
  `first_update` datetime DEFAULT NULL,
  `last_update` datetime DEFAULT NULL,
  `first_ip` varchar(30) DEFAULT NULL,
  `last_ip` varchar(30) DEFAULT NULL,
  `tbl_in_subgroup_in_subgroup_id` int(11) DEFAULT NULL,
  PRIMARY KEY (`id`),
  KEY `relation.tbl_subsgroup.id3` (`group_id`),
  KEY `relation.tbl_cos.id` (`COS`),
  CONSTRAINT `relation.tbl_cos.id` FOREIGN KEY (`COS`) REFERENCES `tbl_cos` (`id`) ON DELETE CASCADE ON UPDATE CASCADE,
  CONSTRAINT `relation.tbl_subsgroup.id3` FOREIGN KEY (`group_id`) REFERENCES `tbl_subsgroup` (`id`) ON DELETE CASCADE ON UPDATE CASCADE
) ENGINE=InnoDB AUTO_INCREMENT=2 DEFAULT CHARSET=latin1;

-- ----------------------------
-- Records of tbl_subscriber
-- ----------------------------
INSERT INTO `tbl_subscriber` VALUES ('1', '18', 'irezpratamas', 'r4h4514', '13', null, '0812133215536', '1', '081221331255', '1', '081212313155', '1', '1', '1', '1', '+6281212313155', null, 'irezpratama', null, '2015-12-20 17:59:14', null, '::1', null);

-- ----------------------------
-- Table structure for `tbl_subsgroup`
-- ----------------------------
DROP TABLE IF EXISTS `tbl_subsgroup`;
CREATE TABLE `tbl_subsgroup` (
  `id` int(11) NOT NULL AUTO_INCREMENT,
  `name` varchar(40) NOT NULL,
  `desc` varchar(50) DEFAULT NULL,
  `virtual_id` int(11) DEFAULT NULL,
  `area_code` int(6) DEFAULT NULL,
  `office_code` int(6) DEFAULT NULL,
  `rating_id` int(11) DEFAULT NULL,
  `wallet` varchar(30) DEFAULT NULL,
  `first_user` varchar(50) DEFAULT NULL,
  `last_user` varchar(50) DEFAULT NULL,
  `first_update` datetime DEFAULT NULL,
  `last_update` datetime DEFAULT NULL,
  `first_ip` varchar(30) DEFAULT NULL,
  `last_ip` varchar(30) DEFAULT NULL,
  PRIMARY KEY (`id`),
  KEY `relation.tbl_virtual.id2` (`virtual_id`),
  KEY `relation.tbl_rating_profile.id` (`rating_id`),
  CONSTRAINT `relation.tbl_rating_profile.id` FOREIGN KEY (`rating_id`) REFERENCES `tbl_rating_profile` (`id`) ON DELETE CASCADE ON UPDATE CASCADE,
  CONSTRAINT `relation.tbl_virtual.id2` FOREIGN KEY (`virtual_id`) REFERENCES `tbl_virtual` (`id`) ON DELETE CASCADE ON UPDATE CASCADE
) ENGINE=InnoDB AUTO_INCREMENT=20 DEFAULT CHARSET=latin1;

-- ----------------------------
-- Records of tbl_subsgroup
-- ----------------------------
INSERT INTO `tbl_subsgroup` VALUES ('18', 'subsgroup_budi update', 'apa aja', '3', '205', '998908', '38', '21', 'irezpratama', 'irezpratama', '2015-12-18 17:11:20', '2015-12-18 17:21:59', '127.0.0.1', '127.0.0.1');
INSERT INTO `tbl_subsgroup` VALUES ('19', 'subsgroup_budi to date', 'd', '19', '205', '998908', '38', '', 'irezpratama', 'irezpratama', '2015-12-18 17:15:36', '2015-12-18 17:25:35', '127.0.0.1', '127.0.0.1');

-- ----------------------------
-- Table structure for `tbl_trunk`
-- ----------------------------
DROP TABLE IF EXISTS `tbl_trunk`;
CREATE TABLE `tbl_trunk` (
  `id` int(11) NOT NULL AUTO_INCREMENT,
  `name` varchar(50) DEFAULT NULL,
  `ip` varchar(100) DEFAULT NULL,
  `port` varchar(6) DEFAULT NULL,
  `heart` int(1) DEFAULT NULL COMMENT '0:OFF 1:ON',
  `sip` int(1) DEFAULT NULL COMMENT '0:sip, 1:sipt',
  `in_trunkgroup` int(11) DEFAULT NULL,
  `out_trunkgroup` int(11) DEFAULT NULL,
  `first_user` varchar(50) DEFAULT NULL,
  `first_ip` varchar(20) DEFAULT NULL,
  `first_update` datetime DEFAULT NULL,
  `last_user` varchar(50) DEFAULT NULL,
  `last_ip` varchar(20) DEFAULT NULL,
  `last_update` datetime DEFAULT NULL,
  PRIMARY KEY (`id`),
  KEY `relation.tbl_in_trunkgroup.id` (`in_trunkgroup`),
  KEY `relation.tbl_out_trunkgroup.id` (`out_trunkgroup`),
  CONSTRAINT `relation.tbl_in_trunkgroup.id` FOREIGN KEY (`in_trunkgroup`) REFERENCES `tbl_in_trunkgroup` (`id`) ON DELETE CASCADE ON UPDATE CASCADE,
  CONSTRAINT `relation.tbl_out_trunkgroup.id` FOREIGN KEY (`out_trunkgroup`) REFERENCES `tbl_out_trunkgroup` (`id`) ON DELETE CASCADE ON UPDATE CASCADE
) ENGINE=InnoDB AUTO_INCREMENT=2 DEFAULT CHARSET=latin1;

-- ----------------------------
-- Records of tbl_trunk
-- ----------------------------
INSERT INTO `tbl_trunk` VALUES ('1', 'jakarta', '192.0.0.1', '80', '1', '1', '19', '22', 'irezpratama', '::1', '2015-12-20 14:31:33', 'irezpratama', '::1', '2015-12-20 14:31:33');

-- ----------------------------
-- Table structure for `tbl_virtual`
-- ----------------------------
DROP TABLE IF EXISTS `tbl_virtual`;
CREATE TABLE `tbl_virtual` (
  `id` int(11) NOT NULL AUTO_INCREMENT,
  `name` varchar(60) DEFAULT NULL,
  `description` varchar(100) DEFAULT NULL,
  `first_user` varchar(50) DEFAULT NULL,
  `first_ip` varchar(20) DEFAULT NULL,
  `first_update` datetime DEFAULT NULL,
  `last_user` varchar(50) DEFAULT NULL,
  `last_ip` varchar(20) DEFAULT NULL,
  `last_update` datetime DEFAULT NULL,
  PRIMARY KEY (`id`)
) ENGINE=InnoDB AUTO_INCREMENT=26 DEFAULT CHARSET=latin1;

-- ----------------------------
-- Records of tbl_virtual
-- ----------------------------
INSERT INTO `tbl_virtual` VALUES ('2', 'virtual_1', 'virtual_1', null, null, null, null, null, null);
INSERT INTO `tbl_virtual` VALUES ('3', 'Virtual_2', 'virtual_2', null, null, null, null, null, null);
INSERT INTO `tbl_virtual` VALUES ('4', 'Surabaya', 'surabaya', null, null, null, null, null, null);
INSERT INTO `tbl_virtual` VALUES ('5', 'diana', 'linda', null, null, null, null, null, null);
INSERT INTO `tbl_virtual` VALUES ('6', 'diana', 'linda', null, null, null, null, null, null);
INSERT INTO `tbl_virtual` VALUES ('7', 'diana', 'linda', null, null, null, null, null, null);
INSERT INTO `tbl_virtual` VALUES ('8', 'diana', 'linda', null, null, null, null, null, null);
INSERT INTO `tbl_virtual` VALUES ('9', 'diana', 'linda', null, null, null, null, null, null);
INSERT INTO `tbl_virtual` VALUES ('10', 'Surabaya', 'surabaya', null, null, null, null, null, null);
INSERT INTO `tbl_virtual` VALUES ('11', 'diana', 'linda', null, null, null, null, null, null);
INSERT INTO `tbl_virtual` VALUES ('12', 'diana', 'linda', null, null, null, null, null, null);
INSERT INTO `tbl_virtual` VALUES ('13', 'diana', 'linda', null, null, null, null, null, null);
INSERT INTO `tbl_virtual` VALUES ('14', 'diana', 'linda', null, null, null, null, null, null);
INSERT INTO `tbl_virtual` VALUES ('15', 'Sample', 'linda', null, null, null, null, null, null);
INSERT INTO `tbl_virtual` VALUES ('16', 'makan', 'linda', 'irezpratama', '127.0.0.1', '2015-12-15 14:27:43', 'irezpratama', '127.0.0.1', '2015-12-15 14:27:43');
INSERT INTO `tbl_virtual` VALUES ('17', 'diana', 'linda', 'irezpratama', '127.0.0.1', '2015-12-15 14:29:25', 'irezpratama', '127.0.0.1', '2015-12-15 14:29:25');
INSERT INTO `tbl_virtual` VALUES ('18', 'makan', 'kmkm', 'irezpratama', '127.0.0.1', '2015-12-15 14:30:10', 'irezpratama', '127.0.0.1', '2015-12-15 14:30:10');
INSERT INTO `tbl_virtual` VALUES ('19', 'sambel goang2', 'sambel goang', 'irezpratama', '127.0.0.1', '2015-12-15 14:57:10', 'irezpratama', '127.0.0.1', '2015-12-15 14:57:10');
INSERT INTO `tbl_virtual` VALUES ('20', 'budi', 'tujuan', 'irezpratama', '::1', '2015-12-16 10:32:57', 'irezpratama', '::1', '2015-12-16 10:32:57');
INSERT INTO `tbl_virtual` VALUES ('21', 'diana', 'makan', 'irezpratama', '::1', '2015-12-16 10:34:41', 'irezpratama', '::1', '2015-12-16 10:34:41');
INSERT INTO `tbl_virtual` VALUES ('22', 'Budi', 'masukan', 'irezpratama', '::1', '2015-12-16 10:42:00', 'irezpratama', '::1', '2015-12-16 10:42:00');
INSERT INTO `tbl_virtual` VALUES ('24', 'makan', 'masukan', 'irezpratama', '127.0.0.1', '2015-12-16 11:08:26', 'irezpratama', '127.0.0.1', '2015-12-16 11:08:26');
INSERT INTO `tbl_virtual` VALUES ('25', 'Budi', 'linda', 'irezpratama', '127.0.0.1', '2015-12-16 11:17:46', 'irezpratama', '127.0.0.1', '2015-12-16 11:17:46');

-- ----------------------------
-- Table structure for `user`
-- ----------------------------
DROP TABLE IF EXISTS `user`;
CREATE TABLE `user` (
  `id` int(11) NOT NULL AUTO_INCREMENT,
  `username` varchar(255) COLLATE utf8_unicode_ci NOT NULL,
  `auth_key` varchar(32) COLLATE utf8_unicode_ci NOT NULL,
  `password_hash` varchar(255) COLLATE utf8_unicode_ci NOT NULL,
  `password_reset_token` varchar(255) COLLATE utf8_unicode_ci DEFAULT NULL,
  `email` varchar(255) COLLATE utf8_unicode_ci NOT NULL,
  `status` smallint(6) NOT NULL DEFAULT '10',
  `created_at` int(11) NOT NULL,
  `updated_at` int(11) NOT NULL,
  `first_user` varchar(50) CHARACTER SET latin1 DEFAULT NULL,
  `first_ip` varchar(20) CHARACTER SET latin1 DEFAULT NULL,
  `first_update` datetime DEFAULT NULL,
  `last_user` varchar(50) CHARACTER SET latin1 DEFAULT NULL,
  `last_ip` varchar(20) CHARACTER SET latin1 DEFAULT NULL,
  `last_update` datetime DEFAULT NULL,
  `active_date` datetime NOT NULL,
  `rtries_count` int(10) NOT NULL DEFAULT '3',
  `rtries_count_use` int(10) NOT NULL DEFAULT '3',
  `change_pass_date` datetime DEFAULT NULL,
  `passage1` int(10) NOT NULL DEFAULT '20',
  `passage2` int(10) NOT NULL DEFAULT '30',
  `usermode` varchar(50) COLLATE utf8_unicode_ci DEFAULT NULL,
  `flag_multiple` int(2) DEFAULT NULL,
  `last_action` datetime DEFAULT NULL,
  `ip` varchar(20) CHARACTER SET utf8 NOT NULL DEFAULT '0',
  `flag_login` int(11) NOT NULL DEFAULT '0',
  `accepted_ip` varchar(17) CHARACTER SET latin1 DEFAULT NULL,
  `superuser` int(1) NOT NULL DEFAULT '0',
  `lastvisit` int(10) DEFAULT NULL,
  PRIMARY KEY (`id`),
  UNIQUE KEY `username` (`username`),
  UNIQUE KEY `email` (`email`),
  UNIQUE KEY `password_reset_token` (`password_reset_token`)
) ENGINE=InnoDB AUTO_INCREMENT=39 DEFAULT CHARSET=utf8 COLLATE=utf8_unicode_ci;

-- ----------------------------
-- Records of user
-- ----------------------------
INSERT INTO `user` VALUES ('1', 'irezpratama', 'MhGNlQW6XC0_IA0lylTNX53qpI4W_5y5', '$2y$13$RlZMJGY.wmxAl6KYLxp3h.mR8I7KvAXc9kJlOpWFaJBGXEBu7GyKq', null, 'irezpratama90@gmail.com', '10', '1441686873', '1450616815', null, null, null, null, null, null, '0000-00-00 00:00:00', '3', '-10', '2015-11-17 17:25:57', '20', '30', 'developer', '1', '2015-12-20 20:06:55', '*.*.*.*', '1', '*.*.*.*', '0', '1450615927');
INSERT INTO `user` VALUES ('30', 'budi', 'C23gxzn1naBFio714zvTX5RwtMzhCqCP', '$2y$13$P5pIvwQMiEOguIXOuPl.xOg6LDPfQY.LtCjkeg9KcIOXfMhJ.UilK', null, 'budi.pratama@icode.co.id', '10', '1449215903', '1449215903', null, null, null, null, null, null, '2015-12-04 14:55:00', '3', '0', null, '3', '3', 'admin', '0', null, '*.*.*.*', '0', null, '0', null);
INSERT INTO `user` VALUES ('31', 'cingcau', 'ZD0G5hRvsMLSOEMOYEsJglKFRiUOtHN-', '$2y$13$P5pIvwQMiEOguIXOuPl.xOg6LDPfQY.LtCjkeg9KcIOXfMhJ.UilK', null, 'cingcau@gmail.com', '10', '1449216212', '1449216212', null, null, null, null, null, null, '2015-12-03 15:00:00', '3', '3', null, '100', '100', 'developer', '1', null, '*.*.*.*', '0', null, '0', null);
INSERT INTO `user` VALUES ('38', 'mamam', 'qT0vQpng4KIqoCtMGAae-PFzUA7Iis0k', '$2y$13$VV7F3eH.oIq2TOSNP39ZFuoOWxsi9hHpxVrryp/H8zO.9a3AOMsVC', null, 'mamam@gmail.com', '10', '1449224291', '1449224291', null, null, null, null, null, null, '2015-12-04 17:10:00', '3', '3', null, '100', '100', 'admin', '0', null, '*.*.*.*', '0', '*.*.*.*', '0', null);
DROP TRIGGER IF EXISTS `auth_assigment_user`;
DELIMITER ;;
CREATE TRIGGER `auth_assigment_user` AFTER INSERT ON `user` FOR EACH ROW BEGIN
			INSERT INTO auth_assignment(item_name,user_id,created_at) VALUES (NEW.usermode,NEW.id,UNIX_TIMESTAMP());
			END
;;
DELIMITER ;
